gene	gene.cor	beta	IncNodePurity	chrom	start	endpos	distance
MAZ	0.367650578609676	1.03711503149646	368.31114233674	chr7	101165602	101165609	9
NRF1	-0.295170175967506	-0.940976830171629	402.543157477425	chr7	101165575	101165585	-18
