CHR	oldPos	BP	SNP	Effect_allele	Non_Effect_allele	Beta	SE	P	score	status
chr1	31227027	30754180	rs12137058	G	T	0.0527	0.0201	0.008749	2.05804158346919	noMotif
chr1	31227255	30754408	rs12117692	T	C	0.052	0.0201	0.009554	2.01981476305266	gain
chr1	31228198	30755351	rs6685295	C	G	0.0514	0.0199	0.009764	2.01037222925485	noMotif
chr1	31230007	30757160	rs2377488	C	G	0.0525	0.02	0.008816	2.05472841849229	noChange
chr1	31230099	30757252	rs1407884	A	G	0.0514	0.0199	0.009655	2.01524772188459	noMotif
chr1	31230668	30757821	rs2273979	T	C	0.0514	0.0198	0.009553	2.01986022225425	noMotif
chr1	31231254	30758407	rs80174570	G	T	0.0329	0.0163	0.04318	1.36471736200179	noMotif
chr1	31231333	30758486	rs10914193	A	G	0.0317	0.0154	0.03957	1.40263394973397	noChange
chr1	31231386	30758539	rs3762296	A	G	0.0314	0.0155	0.0426	1.37059040089728	noMotif
chr1	31231680	30758833	rs3762297	T	C	0.0511	0.0198	0.009964	2.00156628113553	noMotif
